2e78117a-ec64-48f8-bab0-1df81e2a666a,526bce20-c72e-11e8-9619-f30cb7a8fb1f,Aut fuga omnis quae incidunt sapiente. Consequatur et exercitationem ipsum ad officia error ducimus. Mollitia aut laborum laboriosam. Earum temporibus culpa voluptatibus a iusto fugiat occaecati nulla. Eligendi architecto dicta numquam ex sit iure.,1fd264ab-03ad-49a3-8a45-ecf318adf5d4
2e78117a-ec64-48f8-bab0-1df81e2a666a,2ea8af30-c72e-11e8-9619-f30cb7a8fb1f,Ipsam temporibus et architecto sed rem laudantium expedita quasi ratione. Ullam porro fuga voluptatem. Ut pariatur voluptatem doloremque. Assumenda perspiciatis hic dolorem. Animi officia in quasi voluptatem inventore sit quidem quia.,c8d65983-b96f-447c-9ed6-cb5e7a259a8c
2e78117a-ec64-48f8-bab0-1df81e2a666a,e7222330-c72d-11e8-9619-f30cb7a8fb1f,Deleniti harum non aliquid aperiam officia aut. Maxime quos molestiae adipisci. Sed ut incidunt aut est illum consequatur sed. Molestiae inventore cupiditate sequi deserunt enim qui ullam quaerat. Qui et veniam dolor vel quia tenetur autem dignissimos dolor.,8b79d9d4-4321-4389-b964-4ec296f2d01a
2e78117a-ec64-48f8-bab0-1df81e2a666a,c35f2b50-c72d-11e8-9619-f30cb7a8fb1f,Aliquam vel repellendus. Reiciendis quia voluptatem. Itaque accusamus est soluta ipsa. Suscipit perferendis sit recusandae nulla autem quibusdam aliquam ut voluptatem.,23d2b706-fb49-4504-b6d9-ad253689ad48
2e78117a-ec64-48f8-bab0-1df81e2a666a,7bd80310-c72d-11e8-9619-f30cb7a8fb1f,Aut itaque ad perspiciatis nesciunt voluptas. Molestias aspernatur cum voluptatibus doloremque laudantium dolor ea est blanditiis.,5ec0fb31-d364-432d-839b-ac1ac5ec5081
2e78117a-ec64-48f8-bab0-1df81e2a666a,c907f330-c72c-11e8-9619-f30cb7a8fb1f,Corrupti quia ut saepe qui. Voluptatem aut aperiam repudiandae. Necessitatibus rem dicta nostrum blanditiis et. Qui magnam enim enim et voluptas et. Consequatur et sunt corrupti nihil est alias magnam rem odit.,d9047062-9882-4abb-96f5-a18273da5523
2e78117a-ec64-48f8-bab0-1df81e2a666a,a54681f0-c72c-11e8-9619-f30cb7a8fb1f,Saepe odio veniam minima neque consequatur. Qui at molestias corrupti quia voluptate eveniet id. Voluptatem possimus eum laborum iste. Assumenda corrupti fuga eveniet molestiae quia. Odit dolorum veritatis explicabo delectus quasi aut ex.,23d2b706-fb49-4504-b6d9-ad253689ad48
2e78117a-ec64-48f8-bab0-1df81e2a666a,818510b0-c72c-11e8-9619-f30cb7a8fb1f,Mollitia id quisquam iure officiis in maiores architecto harum asperiores. Dolore consequuntur ut ratione. Inventore neque sint sint est dolorem at. Consequatur at voluptas delectus.,5ec0fb31-d364-432d-839b-ac1ac5ec5081
17c18084-f613-4c0e-879f-b5614817bcc9,053c2c20-c72f-11e8-9619-f30cb7a8fb1f,Consectetur alias ut placeat illum et quasi qui non omnis.,80825df7-1871-4837-8f04-ef7c05b1f315
17c18084-f613-4c0e-879f-b5614817bcc9,99f28130-c72e-11e8-9619-f30cb7a8fb1f,Ut cum consectetur ipsum nisi. Omnis voluptate quo accusantium sed quia autem quod. Rem vitae nihil culpa qui est distinctio eligendi. Praesentium aliquam commodi est eos quas. Ut voluptatem voluptatem distinctio rerum. Maxime ea et quis quis.,80825df7-1871-4837-8f04-ef7c05b1f315
17c18084-f613-4c0e-879f-b5614817bcc9,9f9b9730-c72d-11e8-9619-f30cb7a8fb1f,Fugit corporis omnis accusantium veniam quisquam eveniet laboriosam. Ullam quia aliquam molestias eligendi in adipisci. Maiores praesentium rerum dicta. Aut autem quasi ab. Corporis optio ut et ut assumenda.,38b708a8-6ac6-43fc-a390-79f8ca805339
0ac6cea9-9322-4183-a63e-67640e3ce606,0ae54220-c72e-11e8-9619-f30cb7a8fb1f,Vero et omnis enim nulla repellat qui. Ratione exercitationem quas accusamus et amet consequatur ullam. Nesciunt fugiat quia qui ea rerum. Doloribus tempore fuga commodi alias similique explicabo alias et.,1fd264ab-03ad-49a3-8a45-ecf318adf5d4
0ac6cea9-9322-4183-a63e-67640e3ce606,39fb5060-c72c-11e8-8576-b5dbed3a8865,Similique beatae est voluptate illum maiores explicabo fuga. Reiciendis a ut voluptatem occaecati eaque sit molestiae reiciendis. Commodi aut sit quo autem. Beatae dignissimos magnam.,2633e049-e6ac-487b-bb4f-2aad49ef88df
83f7ff83-14e9-4f75-8514-d6f8ff1cbcd2,e1790d30-c72e-11e8-9619-f30cb7a8fb1f,Quis modi officia provident deleniti delectus neque repellat laudantium. Ea facilis animi esse voluptatum sint rem facere ipsum.,49b2d1b7-8bc0-4967-ad62-ee04b14ee0fa
57505f71-cf83-4bae-90c4-bf89f0a08632,7085fe20-c72f-11e8-9619-f30cb7a8fb1f,Rerum delectus consequatur officiis quae. Itaque cum beatae. Quas enim illo qui. Quia minus nobis accusantium illum saepe aliquam et illum qui.,c765f054-6881-4343-a529-b19b12ad2dcd
57505f71-cf83-4bae-90c4-bf89f0a08632,28ff4b10-c72f-11e8-9619-f30cb7a8fb1f,Distinctio nulla vitae at et. Velit possimus culpa dolorem aut.,8788741e-c8fe-4cf0-8949-9a93360332ba
57505f71-cf83-4bae-90c4-bf89f0a08632,762f1420-c72e-11e8-9619-f30cb7a8fb1f,Est eveniet sequi ex ab amet earum sed laboriosam excepturi. Quasi cumque repudiandae ut eligendi ratione. Iusto magnam reprehenderit velit ut omnis. Et illum qui fugit sunt omnis explicabo. Blanditiis provident et suscipit possimus optio possimus hic animi rerum. Rerum nostrum quia magnam vel voluptatem velit necessitatibus assumenda.,80825df7-1871-4837-8f04-ef7c05b1f315
aefa9f62-a4f8-40f2-9194-647c25053a25,eccb8750-c72c-11e8-9619-f30cb7a8fb1f,Harum debitis nemo libero ut vel non. Similique veritatis dolores ab. Labore dignissimos provident vel animi architecto. Temporibus reprehenderit quia praesentium doloribus voluptate laboriosam quos quia odit. Totam quia maiores sed nisi doloremque qui sapiente. Eos debitis voluptatem. Eum sit quasi.,4cabf2b7-8725-48dd-8f4c-0a8c84296ebe
aefa9f62-a4f8-40f2-9194-647c25053a25,5dbe2130-c72c-11e8-8576-b5dbed3a8865,Suscipit dolorum quis error. Rerum excepturi reprehenderit distinctio nobis expedita maxime. Nihil quia inventore consequatur mollitia optio debitis sed culpa enim. Voluptates qui deleniti excepturi omnis. Maxime ea hic aperiam et voluptate nesciunt tempora.,49b2d1b7-8bc0-4967-ad62-ee04b14ee0fa
2ed15d13-cd2f-4c1b-b438-49ba94d85e12,58150b30-c72d-11e8-9619-f30cb7a8fb1f,Nulla molestias quasi quas harum vitae omnis ipsum aspernatur aut.,8788741e-c8fe-4cf0-8949-9a93360332ba
050f4d63-7e29-4780-a0e3-b56caff65711,4cc2b820-c72f-11e8-9619-f30cb7a8fb1f,Cum neque est. Consectetur aut porro officiis repudiandae sit. Sint dolores ad iste possimus dolores. Dignissimos veniam dolore molestiae aut. Exercitationem possimus eum voluptates vel enim est.,04fc78ee-e454-4072-8ce1-147759a407f2
050f4d63-7e29-4780-a0e3-b56caff65711,bdb5c730-c72e-11e8-9619-f30cb7a8fb1f,Esse quis molestiae non dicta iusto incidunt corrupti. Et voluptatibus eos minus aut voluptatem ut sit. Labore voluptatem laboriosam earum velit quia. Itaque fuga et aut. Et sequi rem rem harum sed omnis. Ut laboriosam temporibus nesciunt dignissimos saepe id.,04fc78ee-e454-4072-8ce1-147759a407f2
050f4d63-7e29-4780-a0e3-b56caff65711,34517710-c72d-11e8-9619-f30cb7a8fb1f,Sit iure exercitationem aspernatur qui. Alias et enim officia. Ducimus in nesciunt cum et ad ipsum. Sunt velit cumque ducimus provident sit.,8b79d9d4-4321-4389-b964-4ec296f2d01a
050f4d63-7e29-4780-a0e3-b56caff65711,108e5820-c72d-11e8-9619-f30cb7a8fb1f,Similique rerum tenetur alias provident eos. Culpa quia eum. Placeat voluptatem nam tempora et porro quia dolores cupiditate. Consequatur consequatur quibusdam vitae libero.,da862e67-d419-42c4-988d-012e8cf3a2b5
