2e78117a-ec64-48f8-bab0-1df81e2a666a,2018-10-03 16:48:50.832+0000,Aracely55@example.net,Aracely,Mitchell
cc842056-539b-4f11-8173-aebd90cd18ae,2018-10-03 17:00:00.007+0000,Jewel.Wintheiser@example.net,Jewel,Wintheiser
17c18084-f613-4c0e-879f-b5614817bcc9,2018-10-03 16:48:50.832+0000,Maud.Harvey@example.org,Maud,Harvey
0ac6cea9-9322-4183-a63e-67640e3ce606,2018-10-03 16:48:50.832+0000,Ari26@example.org,Ari,Leuschke
83f7ff83-14e9-4f75-8514-d6f8ff1cbcd2,2018-10-03 16:48:50.832+0000,Keshaun.Purdy@example.org,Keshaun,Purdy
57505f71-cf83-4bae-90c4-bf89f0a08632,2018-10-03 16:48:50.832+0000,Melvin.Konopelski@example.org,Melvin,Konopelski
ffd11480-2b80-4cec-9fad-284a74dec58e,2018-10-03 16:48:50.832+0000,Gage_Rogahn@example.org,Gage,Rogahn
56ffb25e-bdb4-4517-bc7f-2e7fe97a46a7,2018-10-03 16:48:50.832+0000,Tina.Langworth78@example.org,Tina,Langworth
aefa9f62-a4f8-40f2-9194-647c25053a25,2018-10-03 16:48:50.832+0000,Belle.Abbott@example.net,Belle,Abbott
2ed15d13-cd2f-4c1b-b438-49ba94d85e12,2018-10-03 16:48:50.832+0000,Erick_Dibbert@example.com,Erick,Dibbert
050f4d63-7e29-4780-a0e3-b56caff65711,2018-10-03 16:48:50.832+0000,Ceasar.Stiedemann14@example.com,Ceasar,Stiedemann
