Melvin.Konopelski@example.org,"Kԑ�_2�q\x15|�о?5\x0e|$�R:�\x01���V\x1fB]��=.��\x156_Z\x07ON�#\x0f��#�v���Hl�d�(~��",57505f71-cf83-4bae-90c4-bf89f0a08632
Gage_Rogahn@example.org,"���ь�\x14�ԏ��B\x11.aş�̜�Ӟ\x12m��=�\x00*�\x13�aC\x04\x14¥=)�I6=�AR�]�\x17�Gȶ\x0b�",ffd11480-2b80-4cec-9fad-284a74dec58e
Ceasar.Stiedemann14@example.com,"p���i���z\x1a�\x0cՙ\x13MF\"�\x12�\x12���y�*���h\x0b�\x1fzտ\x16-�\"9\x13A�q�\x03�v@���e\x7f����",050f4d63-7e29-4780-a0e3-b56caff65711
Belle.Abbott@example.net,"]C��\x04�v�)�uqQ�-��\tnӝ��9�=�@��\x02+�\x0b�Ҹ5\x1af\x1e͜\x15r{�-\x1c�ŭ�I{�1���}�\x02�",aefa9f62-a4f8-40f2-9194-647c25053a25
Tina.Langworth78@example.org,"t9cք��V�Xy�\x03�q��\x13�w�V�8R�\n3\"ɕ�$\x16�r3`�\x1f�\x084�2s��˲5��+I�\x1b���XA�",56ffb25e-bdb4-4517-bc7f-2e7fe97a46a7
Jewel.Wintheiser@example.net,"\t^W����wBI��\x18����\x13<Z-X14�>��~B��\x1f�Jf��ڴm��+�>�z\x0e�\x05���L�ǈ�\x1f�.",cc842056-539b-4f11-8173-aebd90cd18ae
Maud.Harvey@example.org,"\x1f��M�ܴ<��\x03u\x00��F�?\x0e=.A.\x07.�W��d>ݗ\x04).�=5B�- \x10V�Z���ƹ=#X9\x07\x07�\x00�x��",17c18084-f613-4c0e-879f-b5614817bcc9
Erick_Dibbert@example.com,"�\x19\x1c*n$i��(\n�*�R\x08d$��0\x01��[O82�����N�\x1a\x15�\x1c\x00�)�HX����\x11��\x04[� )m\x19��\x1f",2ed15d13-cd2f-4c1b-b438-49ba94d85e12
Aracely55@example.net,"x֛o�/Q����/\x1b��\x1c[�\x14$����\\,y\x0b� �y&u-�J���\x0e�C��wV\x0e�7\x03C�ޚ��!/[�({/",2e78117a-ec64-48f8-bab0-1df81e2a666a
Ari26@example.org,"��\x13L]���˝ټη�\x1c��\x14���H��@����y�\x1d�w�\x10��\x01i\x11H5�'�\x7f��5t�/�� )�l�",0ac6cea9-9322-4183-a63e-67640e3ce606
Keshaun.Purdy@example.org,"��P�Hu�#qY���'��=\x1f\x7fj�Nn�XY��\nQa_7P�.l�<�H\x14@;�L�%��J�B�j���\\t[^��",83f7ff83-14e9-4f75-8514-d6f8ff1cbcd2
